Method,Time_seconds,Time_minutes
gaussian,101.0862329006195,1.6847705483436584
monte_carlo,3242.2393448352814,54.03732241392136
kalman,69.15889573097229,1.1526482621828715
