{
  "T_PM": {
    "raw": {
      "count": "5000",
      "mean": 314.02502299435383,
      "std": 4.861815553327458,
      "min": 299.5460969671286,
      "max": 319.0041979568881,
      "q25": 310.968476734311,
      "q75": 318.0245266563645
    },
    "cleaned_original": {
      "count": "5000",
      "mean": 314.02502299435383,
      "std": 4.861815553327458,
      "min": 299.5460969671286,
      "max": 319.0041979568881,
      "q25": 310.968476734311,
      "q75": 318.0245266563645
    },
    "cleaned_iqr": {
      "count": "5000",
      "mean": 314.02502299435383,
      "std": 4.861815553327458,
      "min": 299.5460969671286,
      "max": 319.0041979568881,
      "q25": 310.968476734311,
      "q75": 318.0245266563645
    }
  },
  "c": {
    "raw": {
      "count": "5000",
      "mean": 0.1806573255792514,
      "std": 0.005927163698765994,
      "min": 0.161811556573174,
      "max": 0.1890724957187127,
      "q25": 0.17613209676151886,
      "q75": 0.18516578026269934
    },
    "cleaned_original": {
      "count": "5000",
      "mean": 0.1806573255792514,
      "std": 0.005927163698765994,
      "min": 0.161811556573174,
      "max": 0.1890724957187127,
      "q25": 0.17613209676151886,
      "q75": 0.18516578026269934
    },
    "cleaned_iqr": {
      "count": "5000",
      "mean": 0.18065820370751434,
      "std": 0.005924748117689828,
      "min": 0.161811556573174,
      "max": 0.1890724957187127,
      "q25": 0.17613209676151886,
      "q75": 0.18516578026269934
    }
  },
  "d10": {
    "raw": {
      "count": "5000",
      "mean": 0.0003780920315658809,
      "std": 0.001629470750492492,
      "min": 0.0001,
      "max": 0.0500884684343746,
      "q25": 0.000267972389293375,
      "q75": 0.000327822849454025
    },
    "cleaned_original": {
      "count": "5000",
      "mean": 0.0003780920315658809,
      "std": 0.001629470750492492,
      "min": 0.0001,
      "max": 0.0500884684343746,
      "q25": 0.000267972389293375,
      "q75": 0.000327822849454025
    },
    "cleaned_iqr": {
      "count": "5000",
      "mean": 0.00030019058599458563,
      "std": 4.40643019144826e-05,
      "min": 0.00013491051491529524,
      "max": 0.00046599777263653245,
      "q25": 0.00026793649110549414,
      "q75": 0.000327769127284291
    }
  },
  "d50": {
    "raw": {
      "count": "5000",
      "mean": 0.0003940629375861373,
      "std": 0.0008967758257339542,
      "min": 0.0001,
      "max": 0.028233707608478,
      "q25": 0.000319951145279,
      "q75": 0.00037743584095122496
    },
    "cleaned_original": {
      "count": "5000",
      "mean": 0.0003940629375861373,
      "std": 0.0008967758257339542,
      "min": 0.0001,
      "max": 0.028233707608478,
      "q25": 0.000319951145279,
      "q75": 0.00037743584095122496
    },
    "cleaned_iqr": {
      "count": "5000",
      "mean": 0.00035044814120398996,
      "std": 4.217579286619235e-05,
      "min": 0.0001904924836720519,
      "max": 0.0005164726779969171,
      "q25": 0.00031989997182632607,
      "q75": 0.00037736462996202844
    }
  },
  "d90": {
    "raw": {
      "count": "5000",
      "mean": 0.00046840155933633866,
      "std": 0.001209131175002346,
      "min": 0.0001,
      "max": 0.0483449889288432,
      "q25": 0.00037891028105105,
      "q75": 0.00045350767517035
    },
    "cleaned_original": {
      "count": "5000",
      "mean": 0.00046840155933633866,
      "std": 0.001209131175002346,
      "min": 0.0001,
      "max": 0.0483449889288432,
      "q25": 0.00037891028105105,
      "q75": 0.00045350767517035
    },
    "cleaned_iqr": {
      "count": "5000",
      "mean": 0.00041965404640928553,
      "std": 5.791201632158331e-05,
      "min": 0.00024494605746318857,
      "max": 0.0006049873501194651,
      "q25": 0.00037883851267900525,
      "q75": 0.0004534048716448451
    }
  },
  "T_TM": {
    "raw": {
      "count": "5000",
      "mean": 313.71557024207834,
      "std": 4.970000142207527,
      "min": 298.6109496482943,
      "max": 318.6476108188364,
      "q25": 310.3764827499976,
      "q75": 317.8177966387054
    },
    "cleaned_original": {
      "count": "5000",
      "mean": 313.71557024207834,
      "std": 4.970000142207527,
      "min": 298.6109496482943,
      "max": 318.6476108188364,
      "q25": 310.3764827499976,
      "q75": 317.8177966387054
    },
    "cleaned_iqr": {
      "count": "5000",
      "mean": 313.71557024207834,
      "std": 4.970000142207527,
      "min": 298.6109496482943,
      "max": 318.6476108188364,
      "q25": 310.3764827499976,
      "q75": 317.8177966387054
    }
  },
  "mf_PM": {
    "raw": {
      "count": "5000",
      "mean": 0.0005234702595403119,
      "std": 0.00019939559983222203,
      "min": 0.0001668586342626,
      "max": 0.0008329012379452,
      "q25": 0.0003289449014035,
      "q75": 0.0006816236466952
    },
    "cleaned_original": {
      "count": "5000",
      "mean": 0.0005234702595403119,
      "std": 0.00019939559983222203,
      "min": 0.0001668586342626,
      "max": 0.0008329012379452,
      "q25": 0.0003289449014035,
      "q75": 0.0006816236466952
    },
    "cleaned_iqr": {
      "count": "5000",
      "mean": 0.0005234702595403119,
      "std": 0.00019939559983222203,
      "min": 0.0001668586342626,
      "max": 0.0008329012379452,
      "q25": 0.0003289449014035,
      "q75": 0.0006816236466952
    }
  },
  "mf_TM": {
    "raw": {
      "count": "5000",
      "mean": 0.009037641862962378,
      "std": 0.005033446818935698,
      "min": 0.0009771683396456,
      "max": 0.0165213308508535,
      "q25": 0.0039095582477001,
      "q75": 0.0133304542504132
    },
    "cleaned_original": {
      "count": "5000",
      "mean": 0.009037641862962378,
      "std": 0.005033446818935698,
      "min": 0.0009771683396456,
      "max": 0.0165213308508535,
      "q25": 0.0039095582477001,
      "q75": 0.0133304542504132
    },
    "cleaned_iqr": {
      "count": "5000",
      "mean": 0.009037641862962378,
      "std": 0.005033446818935698,
      "min": 0.0009771683396456,
      "max": 0.0165213308508535,
      "q25": 0.0039095582477001,
      "q75": 0.0133304542504132
    }
  },
  "Q_g": {
    "raw": {
      "count": "5000",
      "mean": 5.132081846028264e-07,
      "std": 1.8708341456962998e-07,
      "min": 1.811824213023078e-07,
      "max": 8.255936528935683e-07,
      "q25": 3.675175567814864e-07,
      "q75": 6.772917938213697e-07
    },
    "cleaned_original": {
      "count": "5000",
      "mean": 5.132081846028264e-07,
      "std": 1.8708341456962998e-07,
      "min": 1.811824213023078e-07,
      "max": 8.255936528935683e-07,
      "q25": 3.675175567814864e-07,
      "q75": 6.772917938213697e-07
    },
    "cleaned_iqr": {
      "count": "5000",
      "mean": 5.132081846028264e-07,
      "std": 1.8708341456962998e-07,
      "min": 1.811824213023078e-07,
      "max": 8.255936528935683e-07,
      "q25": 3.675175567814864e-07,
      "q75": 6.772917938213697e-07
    }
  },
  "w_crystal": {
    "raw": {
      "count": "5000",
      "mean": 0.0056956390503405604,
      "std": 0.0027030781680722643,
      "min": 0.0010480154159692,
      "max": 0.009973404484094,
      "q25": 0.0034283711962245,
      "q75": 0.0084588702759179
    },
    "cleaned_original": {
      "count": "5000",
      "mean": 0.0056956390503405604,
      "std": 0.0027030781680722643,
      "min": 0.0010480154159692,
      "max": 0.009973404484094,
      "q25": 0.0034283711962245,
      "q75": 0.0084588702759179
    },
    "cleaned_iqr": {
      "count": "5000",
      "mean": 0.0056956390503405604,
      "std": 0.0027030781680722643,
      "min": 0.0010480154159692,
      "max": 0.009973404484094,
      "q25": 0.0034283711962245,
      "q75": 0.0084588702759179
    }
  },
  "c_in": {
    "raw": {
      "count": "5000",
      "mean": 0.18739009461742398,
      "std": 0.005220332824538728,
      "min": 0.17695047308712,
      "max": 0.19,
      "q25": 0.19,
      "q75": 0.19
    },
    "cleaned_original": {
      "count": "5000",