file,T_PM_MAE,T_PM_MSE,T_PM_R2,T_PM_COV,c_MAE,c_MSE,c_R2,c_COV,d10_MAE,d10_MSE,d10_R2,d10_COV,d50_MAE,d50_MSE,d50_R2,d50_COV,d90_MAE,d90_MSE,d90_R2,d90_COV,T_TM_MAE,T_TM_MSE,T_TM_R2,T_TM_COV,T_PM_MAE_open,T_PM_MSE_open,T_PM_R2_open,T_PM_COV_open,c_MAE_open,c_MSE_open,c_R2_open,c_COV_open,d10_MAE_open,d10_MSE_open,d10_R2_open,d10_COV_open,d50_MAE_open,d50_MSE_open,d50_R2_open,d50_COV_open,d90_MAE_open,d90_MSE_open,d90_R2_open,d90_COV_open,T_TM_MAE_open,T_TM_MSE_open,T_TM_R2_open,T_TM_COV_open
file_12738,0.12619048713591946,0.02940784920765446,0.9923958302519714,100.0,0.00024282879062229506,1.3974549796850167e-07,0.9793938760827656,99.2849846782431,6.694396124520619e-06,7.858879320680718e-11,0.8901358407149719,100.0,5.717340126816927e-06,5.694804573688749e-11,0.9031647442813923,100.0,1.0769006720653217e-05,1.861091701381087e-10,0.7569255871361749,100.0,0.11408902469984239,0.02959979670802325,0.9927383132605817,100.0,0.2927032064419529,0.22030114615764737,0.9430353678965421,93.56486210418795,0.000481157949070365,4.906942331471916e-07,0.9276448521011932,96.62921348314607,8.159426950739018e-06,1.1746993426829555e-10,0.8357814766834218,99.79570990806947,6.9327288600110315e-06,8.594389425228211e-11,0.8538597967729388,99.48927477017364,1.1332953735552437e-05,2.1076135240470459e-10,0.7247277393578091,100.0,0.26052324219217476,0.22386668887946748,0.9450790226004199,93.87129724208376
