file,T_PM_MAE,T_PM_MSE,T_PM_R2,T_PM_COV,c_MAE,c_MSE,c_R2,c_COV,d10_MAE,d10_MSE,d10_R2,d10_COV,d50_MAE,d50_MSE,d50_R2,d50_COV,d90_MAE,d90_MSE,d90_R2,d90_COV,T_TM_MAE,T_TM_MSE,T_TM_R2,T_TM_COV,T_PM_MAE_open,T_PM_MSE_open,T_PM_R2_open,T_PM_COV_open,c_MAE_open,c_MSE_open,c_R2_open,c_COV_open,d10_MAE_open,d10_MSE_open,d10_R2_open,d10_COV_open,d50_MAE_open,d50_MSE_open,d50_R2_open,d50_COV_open,d90_MAE_open,d90_MSE_open,d90_R2_open,d90_COV_open,T_TM_MAE_open,T_TM_MSE_open,T_TM_R2_open,T_TM_COV_open
file_12738,0.12633165230586899,0.02968334120944681,0.9923245945784253,100.0,0.00023892175525080754,1.3758996553011463e-07,0.9797117193705903,99.2849846782431,6.6844841431154835e-06,7.848322889943947e-11,0.8902834156223629,100.0,5.711838628328576e-06,5.682985153430954e-11,0.903365723361236,100.0,1.0771005518297435e-05,1.8606928963178104e-10,0.7569776744710066,100.0,0.11548906297951621,0.030059966720341322,0.9926254202394137,100.0,0.2927032376141471,0.22030224026106113,0.9430350849874446,93.56486210418795,0.0004811573554592449,4.90693111955345e-07,0.9276450174261479,96.62921348314607,8.159421896958452e-06,1.174697870336053e-10,0.8357816825119478,99.79570990806947,6.932726392577005e-06,8.594381749814699e-11,0.8538599272867466,99.48927477017364,1.1332954478755455e-05,2.107613103953631e-10,0.7247277942255834,100.0,0.26052374094728203,0.22386782056944224,0.9450787449641184,93.87129724208376
