{
  "clustering_metrics": {
    "silhouette_score": 0.3897241736959912,
    "calinski_harabasz_score": 23.805866791017873,
    "davies_bouldin_score": 1.4595847212982654
  },
  "cluster_distribution": {
    "0": 42,
    "1": 31
  },
  "feature_importance": {
    "T_PM_mean": 0.7295472272495306,
    "T_PM_std": 0.08241914413973053,
    "T_PM_min": 0.37100796200317804,
    "T_PM_max": 0.4372653774324685,
    "c_mean": 0.614883245474272,
    "c_std": 0.704341361779943,
    "c_min": 0.0047986017464429825,
    "c_max": 0.19340408938009038,
    "d10_mean": 0.014092873442985676,
    "d10_std": 0.015056574515068723,
    "d10_min": 0.003994153426739275,
    "d10_max": 0.003994153426739273,
    "d50_mean": 0.003994153426739273,
    "d50_std": 1.2326411391523517,
    "d50_min": 0.4756633161545107,
    "d50_max": 1.5514633877037083,
    "d90_mean": 1.7622757416204855,
    "d90_std": 1.2598504933484773,
    "d90_min": 1.1504136503407496,
    "d90_max": 0.035498339760815595,
    "T_TM_mean": 0.4877001699262363,
    "T_TM_std": 5.234333884256255e-05,
    "T_TM_min": 0.016579372884376695,
    "T_TM_max": 0.003994153426739274,
    "mf_PM_mean": 0.0039941534267392735,
    "mf_PM_std": 0.0039941534267392735,
    "mf_PM_min": 0.703890466417842,
    "mf_PM_max": 0.6088002207080946,
    "mf_TM_mean": 0.5137121097463515,
    "mf_TM_std": 1.1875164185236151,
    "mf_TM_min": 1.0375419891469584,
    "mf_TM_max": 0.6423750951647491,
    "Q_g_mean": 0.002005970487694222,
    "Q_g_std": 0.3295278493455579,
    "Q_g_min": 0.05477066456414488,
    "Q_g_max": 0.0028518247838230787,
    "w_crystal_mean": 0.003994153426739276,
    "w_crystal_std": 0.0039941534267392735,
    "w_crystal_min": 0.0039941534267392735,
    "w_crystal_max": 0.025518580771548224,
    "c_in_mean": 0.0047508045555457006,
    "c_in_std": 1.1165565597426732,
    "c_in_min": 1.2728632459725358,
    "c_in_max": 1.4017610049136424,
    "T_PM_in_mean": 0.023296236670624634,
    "T_PM_in_std": 0.027445155211065178,
    "T_PM_in_min": 0.007715179222956412,
    "T_PM_in_max": 0.026736460190323594,
    "T_TM_in_mean": 0.02850086003428623,
    "T_TM_in_std": 0.003994153426739276,
    "T_TM_in_min": 0.0039941534267392735,
    "T_TM_in_max": 0.0039941534267392735
  },
  "top_features": [
    "mf_TM_min",
    "c_in_std",
    "d90_min",
    "mf_TM_std",
    "d50_std",
    "d90_std",
    "c_in_min",
    "c_in_max",
    "d50_max",
    "d90_mean"
  ],
  "cluster_centers": [
    [
      0.5579775101493499,
      0.23706777274834356,
      -0.4469179810711092,
      -0.4738711461411958,
      -0.5301294939906833,
      0.5522929584610509,
      0.05937095634310567,
      0.34585596247065586,
      0.1012784654316618,
      -0.10463432244255107,
      0.05418798245226265,
      0.054187982445452726,
      0.054187982445452726,
      -0.6383591228983941,
      -0.4877669731581322,
      -0.669934428275203,
      -0.6862140700184978,
      -0.64146926525124,
      -0.6283797928383891,
      0.15906898839123634,
      -0.4918978777808564,
      -0.006215492498567023,
      0.10971590877602179,
      0.05418798245224755,
      -0.05418798245224726,
      -0.05418798245224726,
      0.5521891981629384,
      0.5284970211121996,
      0.5004889124451455,
      0.632995106296879,
      0.6130639214478222,
      0.5372969482118337,
      -0.03843999448732657,
      0.4277140772058829,
      -0.19577227410868278,
      -0.04581410814462131,
      0.054187982452264985,
      0.05418798244731057,
      0.05418798244731057,
      -0.13552290224608443,
      0.05907593480307721,
      -0.6239957420432135,
      -0.642925160575295,
      -0.6563391257363285,
      -0.1296278739391068,
      0.1404137774467952,
      -0.0751727280206523,
      -0.13863684401754703,
      0.14301541636059578,
      0.054187982452264985,
      0.05418798244731057,
      0.05418798244731057
    ],
    [
      -0.7559695298796937,
      -0.3211885953365026,
      0.6055017808060101,
      0.6420189721913002,
      0.7182399596003097,
      -0.7482678792054233,
      -0.08043806988419737,
      -0.468579045927984,
      -0.1372159854235356,
      0.14176263040602874,
      -0.07341597622561011,
      -0.07341597623242009,
      -0.07341597623242009,
      0.8648736503784703,
      0.6608455765368252,
      0.907653096372858,
      0.9297093851863506,
      0.8690873916307094,
      0.8513532677165251,
      -0.21551282298167315,
      0.6664422860256819,
      0.00842098983676473,
      -0.1486473602771901,
      -0.07341597622562532,
      0.07341597622562551,
      0.07341597622562551,
      -0.748127300737031,
      -0.7160282221520199,
      -0.6780817523450381,
      -0.8576062730473822,
      -0.8306027322841484,
      -0.7279507040289621,
      0.05207999253121516,
      -0.5794835884724857,
      0.2652398552440198,
      0.0620707271636815,
      -0.07341597622560792,
      -0.0734159762305622,
      -0.0734159762305622,
      0.1836116740105155,
      -0.08003836328157239,
      0.8454135859940377,
      0.8710598949729774,
      0.8892336542234143,
      0.1756248614658633,
      -0.1902380210569553,
      0.10184692183442583,
      0.18783056286248231,
      -0.19376282216595145,
      -0.07341597622560792,
      -0.0734159762305622,
      -0.0734159762305622
    ]
  ],
  "n_clusters": 2,
  "total_files": 73
}